Description,Purchase_Count
WHITE HANGING HEART T-LIGHT HOLDER,2028
REGENCY CAKESTAND 3 TIER,1723
JUMBO BAG RED RETROSPOT,1618
ASSORTED COLOUR BIRD ORNAMENT,1408
PARTY BUNTING,1396
LUNCH BAG RED RETROSPOT,1316
SET OF 3 CAKE TINS PANTRY DESIGN ,1159
LUNCH BAG  BLACK SKULL.,1105
POSTAGE,1099
PACK OF 72 RETROSPOT CAKE CASES,1068
PAPER CHAIN KIT 50'S CHRISTMAS ,1019
SPOTTY BUNTING,1017
LUNCH BAG SPACEBOY DESIGN ,1008
LUNCH BAG CARS BLUE,989
HEART OF WICKER SMALL,985
NATURAL SLATE HEART CHALKBOARD ,980
LUNCH BAG PINK POLKADOT,957
REX CASH+CARRY JUMBO SHOPPER,952
LUNCH BAG SUKI DESIGN ,933
ALARM CLOCK BAKELIKE RED ,899
